# Address, patch symbol, displaced length, SHA-256 of local original bytes.
80006110	notification_pop_hook	4	f1231a43486723ba9f8f321e7c7721e9cf5fab829d4319788572fe84e4bb067c
800064c0	notification_tick_hook	6	254efb9cd94e3793d7a01f3912a1f062313f6ed915650f1d9b5ad417c698945f
80006660	notification_show_hook	4	f1231a43486723ba9f8f321e7c7721e9cf5fab829d4319788572fe84e4bb067c
800063b8	overlays_clear_hook	6	819137b907dfc4485a3d1e3fe3fbdeb483a1e728fe219306f71fa2f9a4dd4fad
80006370	busy_hide_hook	6	4dee6d0bf69d4c197c3b31df996953ac194508f3f8889e574fa1d753d7495fd4
800068a0	busy_show_hook	4	28ce493e794697e81da2494b2ee3327708d31a4fb469b353e95e7e80a75ba8c7
800062d0	notification_pause_hook	4	5a519aad3b5906e3e8ebdbd2b55a70bd7de93619923cd4fd21021455cc659149
80006070	notification_remove_hook	4	0bf2f0f22f48d7b3a00d2ac4c72c695aabb41c89885b95b1acef3634c4f4f6db
80006348	notification_current_hook	4	8a3727f02988bcf649397f95ccf8f7f815fba3bc8c3a38daa340d735637c4ab2
800065f8	notification_redraw_request_hook	4	8a3727f02988bcf649397f95ccf8f7f815fba3bc8c3a38daa340d735637c4ab2
80006560	busy_tick_hook	6	b0176e1622471c870668fecea47418ae0684730eaf2d97db5cc6c1b16a73ae41
800068f8	notification_draw_hook	6	01d5383e5fce0e1534c2aba226de22438256416ea4dc981aa4390c616877f7b7
800069b0	notification_bind_hook	6	265e99c179b66ca9758a6e7627712bd6bb5bf10b4678a75be416ac720cd07707
80006bd0	display_scene_refresh_hook	4	70f9a10620a814907b74ac0f638fe1ab9e096266aef89dc588ba9459810c2f26
80007080	widget_polarity_hook	4	a19baf7c20b080a3790a9f5d7cb23aca843cc2f8de44176e6d4b24495849957c
800070b0	widget_y_hook	4	a19baf7c20b080a3790a9f5d7cb23aca843cc2f8de44176e6d4b24495849957c
80007090	widget_resource_hook	4	a19baf7c20b080a3790a9f5d7cb23aca843cc2f8de44176e6d4b24495849957c
80006fa8	localized_text_hook	4	25ab4500d49822a9cbf8d068b2823a1f42f7f6b1ad4c6db6025e8b14eaad1b74
80061ab0	text_layout_hook	4	f1231a43486723ba9f8f321e7c7721e9cf5fab829d4319788572fe84e4bb067c
80006d50	text_measure_hook	4	cfa045938b57940b57930f97cd7cdf3e1a8c3b1ddb72c2609b95b97c1b1921ed
80006d00	text_copy_hook	6	62897290cf7f9d5d0b95b1a440c2f7c005e528af42190fb8758940b38c35b208
80061738	text_scroll_hook	4	cfa045938b57940b57930f97cd7cdf3e1a8c3b1ddb72c2609b95b97c1b1921ed
80005ee0	scene_clear_hook	4	9c815fda5d91a1cdfcaef552cdbeef15884440dbe887df9a48764601a31e8a6d
80024eb8	callback_unregister_hook	4	1e823b4abef7ac39ea220983a4e55d3c86a77324968630ad12893674e2fbab87
8008bd40	window_push_hook	4	2339581dc8602b2cca9589ec03a6068a0f7da3b3f83f380e97432f21fec28281
80006060	notification_active_hook	4	8a3727f02988bcf649397f95ccf8f7f815fba3bc8c3a38daa340d735637c4ab2
80005e70	background_draw_hook	4	a7ae6d8f185f1308ca1d467f7f3fa2bc01cea2c4100b2065a93ed4d0f54e2a9b
